hashtags/0,hashtags/1,hashtags/2,hashtags/3,hashtags/4
MonkeyBarDelhi,monkeybar,Delhi,vasantkunj,
,,,,
monkeybarind,MonkeyBarCocktails,monkeybar,monkeybardelhi,
monkeybarind,monkeybar,vasantkunj,bandra,
MonkeyBar,LunchDeals,SetMenuLunch,MumbaiLunchSpots,DelhiLunchSpots
,,,,
womensday,MonkeyBarDelhi,monkeybarmumbai,8thmarch,
,,,,
QPOP,LoveLoudDanceProud,PrideParty,MonkeyBarBandra,lgbtqiaevent
monkeybar,MonkeyBarCocktails,MonkeyBarDelhi,monkeybarmumbai,
monkeybarind,monkeybardishes,MonkeyBar,foodie,
MonkeyBar,T20Live,MatchDayAtMonkeyBar,CricketAndChill,GameNightVibes
BartenderMoments,bartendersday,MonkeyBar,monkeybarteam,
T20AtMonkeyBar,SportsBarVibes,DayMatchMood,MumbaiCricket,MatchDayAtMonkeyBar
monkeybar,womensday,MonkeyBarDelhi,monkeybarmumbai,8thmarch
NostalgiaInAGlassyday,LimonCha,NostalgiaInAGlass,MonkeyBarMoments,TeaCocktails
monkeybarind,monkeybardishes,MonkeyBar,foodie,
monkeybar,Bengaluru,MonkeyBarBengaluru,bengaluruevents,
MonkeyBarDelhi,ValentinesEvent,delhinightlife,,
MonkeyBarBandra,ValentinesEvent,MumbaiNightlife,valentinesday,
T20WorldCup,CricketAtMonkeyBar,SportsBarIndia,MatchDayScenes,LiveMatchScreening
MonkeyBar,LunchDeals,SetMenuLunch,MumbaiLunchSpots,DelhiLunchSpots
SevenSisters,NorthEastInspired,CraftCocktails,HoneyAndCitrus,SignatureServe
MonkeyBarDelhi,MonkeyBar,vasantkunj,delhinighlife,
monkeybar,MonkeyEats,DessertTherapy,monkeybardessert,
MonkeyBarBengaluru,bbq,bbqbeatsandbooze,Bengaluru,
MonkeyBarBandra,MonkeyBarDelhi,ValentinesEvent,cocktails,valentinescocktails
hugday,monkeybar,monkeybarmoments,neighbourhoodbar,
MonkeyBarBandra,MonkeyBarDelhi,ValentinesEvent,MumbaiNightlife,delhinightlife
CocktailLovers,SoberCurious,MonkeyBarVibes,IcedTea,IslandEscape
monkeybar,nighlife,monkeybardelhi,monkeybarmumbai,delhibars
monkeybar,monkeybardelhi,vasantkunj,HullabalooNights,Bollvtech
MonkeyBarDelhi,MonkeyBar,vasantkunj,Delhi,
MonkeyBar,LunchDeals,SetMenuLunch,MumbaiLunchSpots,DelhiLunchSpots
MonkeyBarBandra,MonkeyBarDelhi,ValentinesEvent,MumbaiNightlife,delhinightlife
MonkeyBar,LunchAtMonkeyBar,MidShiftMood,BarLifeChronicles,DayDrinksVibes
MonkeyBarDelhi,ValentinesEvent,delhinightlife,,
MonkeyBengaluru,MonkeyBarBengaluru,bengaluru,thebombaychapter003,
MonkeyBar,MonkeyBarDelhi,MonkeyBarBandra,beerlover,
MonkeyBar,LunchDeals,SetMenuLunch,MumbaiLunchSpots,DelhiLunchSpots
MonkeyBengaluru,MonkeyBarBengaluru,bengaluru,thebombaychapter003,
MonkeyBarDelhi,MonkeyBarBandra,newmenu,MonkeyBar,NewMenu
MonkeyBar,StaffChronicles,CocktailCulture,BartenderLife,BarHumour
gobananas,monkeybarind,monkeybar,partynight,partybookings
DitchYourResolutionDay,DitchTheResolution,DryJanuaryFail,ResolutionWho,DrinkYourWay
MonkeyBengaluru,MonkeyBarBengaluru,bengaluru,thebombaychapter003,
MonkeyBar,Cocktails,MonkeyBarDelhi,MonkeyBarBandra,fridaynight
MonkeyEats,MonkeyBar,vasantkunj,bandra,
,,,,
MonkeyBar,AllDayAtMonkey,LunchAtMonkeyBar,DayDrinks,MumbaiLunch
happyrepulicday,monkeybar,newmenu,gastropub,
MonkeyBarBengaluru,MonkeyBarMoments,MonkeyBar,bengaluru,
GalentinesAtMonkeyBar,MonkeyBarBengaluru,GirlsDayOut,BengaluruEvents,
DryJanuary,ZeroProof,MocktailLovers,SoberCurious,MonkeyBarVibes
MonkeyBarBandra,ValentinesEvent,MumbaiNightlife,valentinesday,
BeerAndBites,StayAwhile,BarStoolStories,EasyEvenings,GoodCompanyGoodFood
MonkeyBar,MonkeyBarIndia,MonkeyBarMumbai,NewSetMenuAlert,Gastropub
nothingday,MonkeyBar,donothing,gobananas,
MonkeyBar,Cocktails,MonkeyBarDelhi,MonkeyBarBandra,
BreakfastMenu,NewOnTheMenu,MorningEats,BreakfastLovers,
MonkeyBar,MonkeyBengaluru,nowdelivering,MonkeyBarBengaluru,
MonkeyBarBandra,BandraNights,christmas,bandra,
monkeybar,hottoddyday,monkeybardelhi,vasantkunj,
MonkeyBarDelhi,BurgersInDelhi,MonkeyBar,BandraBar,
bloddymary,bloddymarycocktail,monkeybarind,MonkeyBar,
MonkeyBarMumbai,NYEAtMonkeyBar,NewYearsEveMumbai,RazzleDazzleNYE,MumbaiNightlife
MonkeyBar,MonkeyBarIndia,MonkeyBarDelhi,MonkeyBarMumbai,MonkeyBarBengaluru
MonkeyBarMenu,StreetStyleFlavours,#GlobalOnYourPlate,NewMenuAlert,MonkeyBarIndia
monkeybar,NYEInDelhi,NYEAtMonkeyBar,nyeinmumbai,
monkeybar,NYEInDelhi,NYEAtMonkeyBar,nyeinmumbai,
MonkeyBar,MonkeyBarDelhi,vasantkunj,ChristmasAtMonkey,
monkeybar,BandraEvents,gobananas,MonkeyBarBandra,
MonkeyBarDelhi,RazzleDazzleNYE,NYEInDelhi,DelhiNightlife,
CircleOfFriends,MonkeyBarLoyalty,BarBesties,DrinkWithFriends,RegularsClub
MonkeyBarMoments,monkeybar,2025recap,gobananas,partytime
MonkeyBarNYE,RazzleDazzleNYE,NYEPartyIndia,MumbaiNYE,DelhiNYE
MonkeyBarDelhi,monkeybarind,nyebash,vasantkunj,
MonkeyBarBandra,ValentinesEvent,MumbaiNightlife,valentinesday,
ChristmasAtMonkey,MonkeyBarEats,FestiveFeast,HolidayMenu,christmasmenu
monkeyBarmumbai,monkeybarind,nyebash,bandra,
ChamparanMutton,MonkeyBarEats,ChefSumit,RegionalFlavours,
MonkeyBarMumbai,NYEAtMonkeyBar,NewYearsEveMumbai,RazzleDazzleNYE,MumbaiNightlife
ChristmasCocktails,FestiveSips,HolidayCheers,SeasonToCelebrate,FestiveVibes
ChristmasAtMonkey,InvertedChristmasTree,ChristmasInDelhi,ChristmasEveParty,ChristmasDrunch
MonkeyBar,Bandra,Delhi,FestiveTreats,Christmas
gobananas,monkeybarind,monkeybar,partyseason,decemberparties
ChristmasAtMonkey,MonkeyBar,FestiveVibes,HolidayCheers,
MonkeyBarCocktails,ChristmasAtMonkey,FestiveSips,HolidayDrinks,Christmasmenu
SangriaDay,MonkeyBar,SipSipHooray,CocktailHours,DrinkAtMonkey
RazzleDazzleNYE,MonkeyBarNYE,NYEIndia,DelhiNYE,MumbaiNYE
monkeybar,afterhours,bandra,delhi,
MonkeyBarMumbai,ChristmasAtMonkey,FestiveFeast,HolidayMenu,ChristmasSpecials
monkeybar,berrypulao,monkeybardishes,foodie,
MonkeyBarVibes,DayToNight,GoodTimesRoll,CityNights,CocktailCulture
ChristmasAtMonkey,MonkeyBar,FestiveFeast,HolidayMenu,ChristmasMenu
MonkeyBar,sushi,asianfood,monkeybardelhi,sushilovers
monkeybar,Christmas,MonkeyBarMumbai,MonkeyBarBengaluru,monkeybardelhi
monkeybar,christmascocktails,vasantkunj,bandra,christmas2025
MonkeyBarDelhi,vasantkunj,"delhievents,",,
CraftBeerMumbai,IglooBeer,MumbaiBars,MonkeyBarMumbai,ChristmasDrinks
GonguraChicken,AndhraFlavours,Newmenu,Monkeybardelhi,monkeybarmunbai
Locho,chefseries,RegionalWithATwist,MonkeyBar,MumbaiEats
MonkeyBarEats,MonkeyEats,MonkeyBar,mobarburger,burger
StupidCupid,ValentinesAtMonkeyBar,SinglesAndTaken,LoveAndBadDecisions,DateNightAtMonkeyBar
SetMenu,WeekdayLunch,LunchSpecials,ValueMeals,MonkeyBar
DessertTherapy,TiramisuLove,MoodLifter,SweetBreak,DessertFix
MonkeyBar,DayToNight,YourVibeYourWay,CityEats,CocktailCulture
MonkeyBar,MonkeyMagic,CraftedCocktails,GoodVibesOnly,CityNights
JingleAndMingle,MonkeyBarDelhi,ChristmasAtMonkey,DelhiEvents,DelhiNights
ChristmasFlea,MonkeyBarMoments,ChristmasAtMonkey,FleaMarketFinds,MonkeyBarDelhi
MonkeyBar,ChristmasMenu,JingleAndMingle,FestiveDesserts,PumpkinCheesecake
MonkeyBar,NowServing,DelhiFoodies,NewMenuAlert,vasantkunj
MonkeyBarBengaluru,WeekendVibes,PartyAtMonkey,BangaloreNightlife,CocktailsAndBeats
mumbai,BandraNights,vasantkunj,DelhiEvents,BangaloreNights
JingleAndMingle,MonkeyBarMumbai,ChristmasAtMonkey,MumbaiEats,MumbaiNights
MatchaLovers,BreeMatcha,MonkeyBarBengaluru,MatchaDrink,GreenGoodness
MonkeyBarIndia,NewMenuAlert,FoodieFinds,FoodieHeaven,EatDrinkRepeat
MonkeyBarDelhi,NowServing,DelhiFoodies,NewMenuAlert,vasantkunj
MonkeyBarDelhi,DeliveryDoneRight,OrderNow,Swiggy,Zomato
MonkeysThaali,MonkeyBarBengaluru,BangaloreEats,SouthIndianFood,FoodieFinds
HelloDay,MonkeyBar,MeetTheTeam,SayHello,BarFam
MonkeyBarMumbai,AliceInHorrorland,HalloweenAtMonkeyBar,HalloweenNights,BandraEvents
JingleAndMingle,MonkeyBarBengaluru,BengaluruEvents,ChristmasAtMonkey,BLRNights
MonkeyBarIndia,GoodTimesOnly,FriesBeforeGuys,MumbaiBars,EatDrinkLaugh
MonkeyBarIndia,Bandra,Delgi,Neighbourhoodbar,RegionalCocktails
BreakfastMenu,NewLaunch,MorningEats,BreakfastLovers,BrunchVibes
MonkeyBengaluru,FlavourRiotAtMonkey,CeylonOnAPlate,SriLankanFlavours,BangaloreFoodScene
MonkeyBarMumbai,MonkeyBarDelhi,ChristmasAtMonkey,FestiveFeast,HolidayMenu
MonkeyBarBandra,WokAndRoll,AsianEats,BoldBites,SpiceItUp
NightOfAThousandDemons,MonkeyBarDelhi,ParadisoHalloweenEdition,Paradisco,Halloween2025
MonkeyBarIndia,PartyDrinksOnly,GoodTimesAtMonkey,BarNights,Cocktails
MonkeyBarBandra,MonkeyBarDelhi,ValentinesEvent,MumbaiNightlife,delhinightlife
MonkeyBarBengaluru,BreeMatcha,MatchaMoments,MonkeyBarIndia,StayZen
MonkeyBarBengaluru,Bree,MatchaTime,BrewedEnergy,MonkeyBarIndia
MonkeyBarBandra,BandraEvents,saturdaynights,mumbaievents,neighbourhoodbar
MonkeyBarIndia,WearSomethingGaudyDay,MonkeyStyle,FunkyFits,NeonNights
MonkeyBarBandra,AliceInHorrorland,DJSA,Halloween2025,MumbaiNightlife
MonkeyBusiness,diwalicelebration,FestiveFun,happydiwali,neighbourhoodbar
MonkeyBarMumbai,KaraokeNight,SingYourHeartOut,MumbaiNights,MidweekVibes
MonkeyBar,Delhi,Mumbai,vasantkunj,bandra
MonkeyBarIndia,RaisingSpirits,BartenderMagic,MonkeyMixology,CraftedCocktails
MonkeyBarBengaluru,ComingSoon,BrewedEnergy,MatchaMoments,StayTuned
WorldBreadDay,GetHandsy,GourmetBurgers,BurgerLove,FoodieFaves
,,,,
MonkeyBar,Delhi,Bandra,mumbairestaurants,newflavours
monkeybardelhi,vasantkunj,delhirestaurants,delhieats,lunchspots
MonkeyBarDelhi,FoodDrinksVibes,DelhiNights,delhieats,
MonkeyBusiness,BarLife,monkeybar,monkeybardelhi,monkeybarbombay
gobananas,monkeybarind,monkeybar,partynight,partybookings
MonkeysGoneMatcha,MonkeyBarBengaluru,BreeMatcha,MatchaMadness,StayZenned
MonkeyBarBengaluru,MonkeyVibes,BangaloreNights,BangaloreEats,CocktailsAndConversations
MonkeyBar,vodkaday,vodka,vodkacocktails,CocktailCulture
"WorldVegetarianDay,",monkeybar,vegetarian,humour,hospitalityhumour
MonkeyBar,MonkeyHours,DoubleTheTrouble,1Plus1Drinks,HappyHourVibes
monkeybarmmbai,mumbairestaurants,bandra,placeatoeatinbandra,newmenu
MonkeyBarMumbai,NewMenu,MumbaiEats,FoodieMumbai,MumbaiFoodies
AskAStupidQuestionDay,MonkeyBar,TropicalVibes,MonkeyBusiness,funnyreels
MonkeyBar,monkeybarbandra,bandra,newmenulaunch,newmenu
GoingBananas,MonkeyBar,CheekyDrinks,NewOnTheMenu,cocktailtime
MonkeyBarBengaluru,MonkeyVibes,MonkeysThaali,BengaluruEats,MonkeyBar
MonkeyBarBengaluru,MonkeyTurns2,TwoGetherAgain,AnniversaryVibes,BengaluruNights
MonkeyBarMumbai,MonkeyVibes,NowOpenForLunch,MumbaiEats,MonkeyTurnsOne
MonkeyBar,GameOn,Delhi,Bandra,CricketLovers
MonkeyBarIndia,NewMenuAlert,LunchGoals,FoodieFinds,FoodieHeaven
monkeybar,monkeybardelhi,monkeybarmumbai,wildlunch,newflavours
MonkeyBarBengaluru,MonkeyVibes,CoffeeGoals,WorkAndChill,GoodVibesOnly
MonkeyBar,PepperPrawns,SeafoodLove,FoodieVibes,MonkeyVibes
ShakeWhatYouLove,MonkeyVibes,MonkeyBar,CocktailCulture,BehindTheBar
MonkeyBarBengaluru,MonkeyVibes,NewAtMonkey,ChefLife,FoodStories
MonkeyBarBandra,KaraokeNight,SingYourHeartOut,BandraNights,MonkeyVibes
MonkeyBar,oneyearanniversary,weareturning1,celebration,cocktailmenulaunch
MonkeysThaali,MonkeyBarBengaluru,MonkeyVibes,ThaaliTime,BengaluruEats
monkeybarind,monkeybarmumbai,monkeybardelhi,beerandfoodpairing,beerlover
gobananas,monkeybarind,monkeybarmumbai,bandra,housemusic
MonkeyBarMumbai,LunchVibes,1anniversary,MonkeyAround,openforlunch
CocktailCoup,MonkeyBarDelhi,MonkeyVibes,MixologyMagic,DelhiNights
gobananas,monkeybarind,monkeybardelhi,monkeybarmumbai,vasantkunj
MonkeyBarDelhi,MonkeyNights,DragQueens,NightlifeDelhi,throwback
MonkeyBarMumbai,BandraNights,SuReal,SaturdayGroove,MonkeyStyle
MonkeyBar,CheesyPaoBhaji,comfortfood,BandraNights,MumbaiFoodie
monkeybarind,throwbackfriday,monkeybarbandra,mumbainightlife,fridayfeels
monkeybarind,monkeybardelhi,delivery,zomato,swiggy
MonkeyBarBengaluru,PartyNights,GoodVibesOnly,DrinkDanceRepeat,BangaloreNightlife
MonkeyBarBandra,karaokeNight,SingYourHeartOut,BandraNights,MonkeyVibes
monkeybarind,hiphop,#monkeybarbandra,mumbainightlife,fridayfeels
MonkeyBarDelhi,ChaknaTime,BeerBucketDeals,KatiPatang,DelhiEats
MonkeyBar,BurgerGoals,BandraEats,Burgers,FoodieHeaven
MonkeyBar,MonkeyNights,GameTime,PoolAndPints,MonkeyVibes
MonkeyBar,HappyIndependenceDay,MonkeyBarDelhi,MonkeyBarBengaluru,MonkeyBarMumbai
MonkeyBarBengaluru,MorningVibes,CoffeeTime,BrewCrew,gobananas
MonkeyBar,BurgerGoals,BandraEats,Burgers,FoodieHeaven
delhi,monkeybardelhi,vasantkunj,HullaballoBollyNights,HullabalooNights
MonkeyBarDelhi,DeliveryDoneRight,OrderNow,Swiggy,Zomato
monkeybar,monkeybarind,gobananas,delhi,bestbottleratesintown
foodpopup,monkeybarind,monkeybar,monkeybarbandra,thebohrikitchen
monkeybarind,monkeybarmumbai,bandra,foodpopup,thebohrikitchen
monkeybarmumbai,throwback,bandra,bandranights,monkeybarind
MonkeyBar,ChaknaMenu,BarBites,MonkeyBarDelhi,MonkeyBarMumbai
MidweekCravings,MonkeyBarBengaluru,CheesyPullApartBread,CheesePlease,ComfortFoodGoals
MonkeyBarMumbai,OutdoorVibes,BandraNights,MonkeyStyle,GoodVibesOnly
monkeybarind,monkeybamumbai,bandra,gobananas,newvibes
MonkeyBarDelhi,DessertDay,SweetTooth,DessertHeaven,MonkeyVibes
MonkeyBar,NegroniWeek,NegroniCocktail,NegroniLovers,newcocktails
,,,,
TriviaNights,MonkeyBarBandra,aceofpub,quiznights,gobananas
GoBananas,MonkeyBarBlr,CoffeeAtMonkey,BengaluruBuzz,SwingToTheNew
MidweekCravings,MonkeyBarBengaluru,MMB,BiryaniLove,BurgerFix
MonkeyBar,monkeybarind,bandra,afrobeats,FridayVibes
monkeybar,staytuned,foodpopup,bandra,monkeybarbandra
MonkeyBar,gobananas,monkeybarind,bandra,vasantkunj
gobananas,monkeybarind,foodie,vasantkunj,newflavours
FriendshipDayAtMonkey,MonkeyBar,friendshipday,BeerBuddies,MonkeyVibes
gobananas,monkeybarind,monkeybar,relatablecontent,hospitalityhumor
monkeybar,chefpopup,delhi,chefafshan,chefafshanatmonkeybar
MonkeyBarDelhi,OneYearOfMonkey,MonkeyTurns1,birthdaymonth,NeighbourhoodBar
monkeybarbengaluru,monkeybar,monkeybarmenu,newmenu,foodgasm
monkeybar,kissingday,worldkissingday,cocktailpour,gobananas
monkeybarbangalore,monkeybar,bangaloreweather,hotchocolate,coldcoffee
MonkeyBarMoments,monkeybar,mobar,,
chefasfshan,foodpopup,monkeybardelhi,monkeybar,gobananas
rumday,rum,monkeybar,,
LoveGrowsHere,PrideAtMonkey,MonkeyBarMumbai,LoveLoud,PridePartyVibes
HullabalooNights,MonkeyBarDelhi,FridayVibes,Bollytech,DelhiNightlife
,,,,
PopUpAlert,ChefAfshanAtMonkeyBar,monkeybarind,monkeybardelhi,vasantkunj
monkeybarmumbai,lilletros‚,gobananas,drinkfirstthinklater,swingtothenew
monkeybar,mobar,monkeybarind,gobananas,swingtothenew
gobananas,monkeybarbangalore,karaokenight,monkeybarind,mobar
monkeybar,beerbeerbeer,summerdrinks,monkeybarind,mobar
monkeybarbangalore,mobar,gobananas,flavoursofariot,monkeybarbengaluru
monkeybarbangalore,monkeybar,monkeybarind,gobananas,swingtothenew
monkeybar,flatbreads,mobar,gobananas,newflavours
MonkeyBarMoments,PrepInProgress,bts,behindthescenes,kitchenmagic
monkeybarmumbai,bandarandbandra,gobananas,monkeybarind,swingtothenew
pitchafriend,events,dating,fun,mumbai
MonkeyMoments,FathersDayVibes,FamilyGroove,monkeybarbengaluru,fathersday
PridePour,MonkeyBar,PrideParty,Pride2025,QueerJoy
CoffeeRave,monkeybarbangalore,monkeybar,monkeybarind,swingtothenew
gobananas,monkeybar,monkeybarind,swingtothenew,mobar
burgerday,burgerandbeer,monkeybardelhi,monkeybarbandra,mobar
monkeybarbengaluru,monkeybar,mobar,newmenu,gobananas
gobananas,monkeybar,monkeybarind,localocaloca,cincodemayo
gobananas,monkeybarind,monkeybarbengaluru,swingtothenew,mobar
monkeybarbangalore,monkeybar,mobar,monkeybarind,gobananas
monkeybarbengaluru,monkeybar,chefashley,newmenu,gobananas
localocaloca,mexicanmenu,cincodemayo,monkeybardelhi,monkeybarbandra
mothersday,happymothersday,gobananas,monkeybardelhi,monkeybarbandra
monkeybarmumbai,monkeybar,gobananas,qpop,swingtothenew
monkeybar,junglejam,monkeybarmumbai,skillbox,sixthocean
localocaloca,mexican,cincodemayoparty,monkeybardelhi,monkeybarmumbai
gobananas,monkeybarind,mobar,monkeybarmumbai,iploffers
monkeybarbandra,monkeybarmumbai,mobar,asmr,gobananas
monkeybarmumbai,monkeybar,ambience,gobananas,mobar
ZeroWasteCocktail,WatchThisSpace,EarthDay,monkeybar,monkeybarind
monkeybar,danceday,gobananas,monkeybarind,swingtothenew
monkeybar,monkeybarind,ipl,livescreening,gobananas
MonkeyBarMumbai,FridayClubVibes,MissMaliniNights,FoosballFever,ThrowbackBeats
monkeybar,monkeybardelhi,monkeybarbandra,earthday,earthdaycocktails
monkeybarbandra,lgbtq,monkeybarind,gobananas,swingtothenew
monkeybar,monkeybardelhi,monkeybarbandra,gobananas,earthday
gobananas,MoBar,MonkeyBarInd,MonkeyBarBengaluru,
likeglue,boxoutwednesdays,newdelhi,boxoutfm,nocliquejustplay
monkeybar,muttoncurry,mobar,gobananas,monkeybarind
monkeybar,gobananas,monkeybarind,monkeybarbengaluru,mainmenu
monkeybar,gobananas,monkeybarbangaluru,mobar,
,,,,
likeglue,boxoutwednesdays,newdelhi,boxoutfm,nocliquejustplay
monkeybarind,monkeybar,gobananas,chaknamenu,mobar
monkeybar,monkeybarind,cocktails,gobananas,mobar
VibeCheck,MonkeyBar,Bangalore,ValentinesDoneRight,DJNash
monkeybar,paradisco,gobananas,monkeybarind,mobar
KaraokeMicDrop,SingToWin,MonkeyBarBengaluru,g,monkeybarbengaluru
LoveMixer,MonkeyBarMumbai,MixingItUp,gobananas,mobar
gobananas,MoBar,monkeybardelhi,,
gobananas,womensday,cocktails,MonkeyBarMumbai,
gobananas,mobar,MonkeyBarInd,,
gobananas,MoBar,monkeybardelhi,MonkeyBarInd,
LikeGlue,boxoutwednesdays,boxoutfm,nocliquejustplay,
Champions,MonkeyBar,gobananas,monkeybarmumbai,
MoBar,gobananas,MonkeyBarInd,tacos,
GoBananas,MoBar,cocktails,MonkeyBarInd,
PajamaParty,AshniMeetsWorld,Mumbai,Nightlife,MumbaiNightlife
monkeybar,mobar,gobananas,monkeybarind,burgerbliss
gobananas,MoBar,delhiwinters,cocktails,winterwarmers
gobananas,MonkeyBarInd,herbylemonchicken,mobar,
gobananas,MonkeyBarInd,stupidcupid,singlesmixer,
,,,,
gobananas,MonkeyBarInd,stupidcupid,singlesmixer,
gobananas,monkeybarbengaluru,breakfast,,
gobananas,MonkeyBarInd,chettinad,,
gobananas,monkeybardelhi,monkeybar,MonkeyBarInd,
gobananas,MonkeyBarInd,stupidcupid,singlesmixer,
monkeybardelhi,monkeybarmumbai,earthday,monkeybarbandra,gobananas
wintercocktails,winterwarmers,gobananas,monkeybardelhi,
gobananas,mobar,monkeybarind,monkeybarbengaluru,
monkeybarind,gobananas,newvibes,mobar,monkeybarmumbai
MoBar,gobananas,MonkeyBarInd,kheemapao,
gobananas,monkeybarbengaluru,MonkeyBarInd,,
gobananas,nothingday,monkeybarind,chilling,
gobananas,monkeybarind,mobar,newyear,
gobananas,MonkeyBarInd,stupidcupid,singlesmixer,
gobananas,monkeybardelhi,MonkeyBarInd,newvibes,newflavours
,,,,
LikeGlue,boxoutfm,nocliquejustplay,,
,,,,
gobananas,naughtyornice,christmas,mistletoeandmischief,comingsoon
gobananas,naughtyornice,christmas,mistletoeandmischief,comingsoon
gobananas,naughtyornice,christmas,mistletoeandmischief,comingsoon
gobananas,monkeybardelhi,newyear,mobar,
gobananas,naughtyornice,christmas,mistletoeandmischief,comingsoon
gobananas,christmas,mistletoeandmischief,naughtyornice,
gobananas,naughtyornice,christmas,mistletoeandmischief,comingsoon
MoBar,christmas,monkeybarbengaluru,mistletoeandmischief,naughtyornice
gobananas,newyear,monkeybarmumbai,MoBar,
,,,,
gobananas,MonkeyBarInd,stupidcupid,singlesmixer,
gobananas,naughtyornice,christmas,mistletoeandmischief,comingsoon
gobananas,mistletoeandmischief,naughtyornice,christmas,ChristmasAtMonkeyBar
gobananas,MonkeyBarBengaluru,KaraokeMicDrop,karaoke,
gobananas,monkeybarmumbai,MonkeyBarInd,,
gobananas,Swingtothenew,monkeybarmumbai,MonkeyBarInd,mobar
gobananas,chritmas,pudding,christmaspudding,monkeybarbengaluru
gobananas,Swingtothenew,MonkeyBarInd,mobar,
gobananas,Swingtothenew,mobar,monkeybardelhi,BarTakeover
gobananas,monkeybarind,monkeybarbengaluru,mobar,
gobananas,prawns,MoBar,MonkeyBarInd,
gobananas,naughtyornice,christmas,mistletoeandmischief,comingsoon
51,gobananas,swingtothenew,monkeybardelhi,MonkeyBarInd
monkeybar,burgerday,gobananas,beertime,swingtothenew
gobananas,naughtyornice,christmas,mistletoeandmischief,comingsoon
gobananas,Swingtothenew,newflavours,newvibes,monkeybarmumbai
SundayMood,MonkeyBarMumbai,GoodVibesOnly,WeekendGoals,UnlimitedDrunch
gobananas,naughtyornice,christmas,mistletoeandmischief,comingsoon
gobananas,Swingtothenew,newflavours,newvibes,burger
gobananas,Swingtothenew,newflavours,newvibes,monkeybardelhi
8TillInfinity,boxoutfm,nocliquejustplay,,
gobananas,swingtothenew,monkeybarind,halloween,
BoxoutFM,HalfMoonBK,CasaBacardi,NewYork,NewDelhi
gobananas,swingtothenew,newflavours,newvibes,anchovy
gobananas,Swingtothenew,monkeybarind,newvibes,newflavours
gobananas,swingtothenew,monkeybardelhi,newflavours,newvibes
gobananas,swingtothenew,monkeybarind,halloween,
gobananas,swingtothenew,monkeybarind,halloween,
gobananas,swingtothenew,,,
gobananas,Swingtothenew,monkeybarind,monkeybardelhi,newflavours
gobananas,Swingtothenew,monkeybarind,newvibes,newflavours
gobananas,Swingtothenew,newflavours,newvibes,MonkeyBarInd
MonkeyBar,ADSingh,Bandra,Mumbai,Explore
gobananas,Swingtothenew,halloween,MonkeyBarInd,worstdatehorror
MonkeyBar,FoodieHeaven,DownNDirty,ChicEats,FoodWithVibes
gobananas,swingtothenew,newflavours,monkeybarind,ginandtonic
gobananas,Swingtothenew,newflavours,newvibes,monkeybarmumbai
monkeybarmumbai,sundaydrunch,gobananas,monkeybarind,sundaymenu
gobananas,monkeybarind,monkeybarbengaluru,mobar,
gobananas,Swingtothenew,newflavours,newvibes,
gobananas,swingtothenew,monkeybarind,newvibes,newflavours
Districtindia,MonkeyBar,JAEL,NewDelhi,Nightlife
gobananas,monkeybarbengaluru,MonkeyBarInd,,
gobananas,Swingtothenew,MonkeyBengaluru,monkeybarind,
gobananas,Swingtothenew,newflavours,newvibes,monkeybarmumbai
gobananas,Swingtothenew,newflavours,newvibes,MonkeyBarInd
gobananas,Swingtothenew,newflavours,newvibes,monkeybarmumbai
gobananas,Swingtothenew,newflavours,newvibes,
swingtothenew,gobananas,newflavours,newvibes,monkeybarind
gobananas,newflavours,Swingtothenew,newvibes,monkeybarmumbai
swingtothenew,gobananas,monkeybarbengaluru,MonkeyBarInd,
monkeybar,bestofmumbai,brandnew,newlaunch,bandra
gobananas,monkeybarbengaluru,monkeybarind,,
gobananas,Swingtothenew,newvibes,newflavours,monkeybardelhi
gobananas,Swingtothenew,newflavours,newvibes,monkeybarmumbai
gobananas,swingtothenew,newflavours,monkeybarind,monkeybardelhi
Swingtothenew,gobananas,newflavours,newvibes,monkeybardelhi
Swingtothenew,monkeybarmumbai,NewFlavours,newvibes,relaunch
Swingtothenew,monkeybarmumbai,NewFlavours,newvibes,relaunch
gobananas,Swingtothenew,monkeybarind,monkeybarmumbai,newflavours
Swingtothenew,monkeybarmumbai,NewFlavours,newvibes,relaunch
Swingtothenew,monkeybarmumbai,NewFlavours,newvibes,relaunch
Swingtothenew,gobananas,newflavours,newvibes,monkeybarmumbai
Swingtothenew,monkeybarmumbai,NewFlavours,newvibes,relaunch
Swingtothenew,gobananas,newflavours,newvibes,
gobananas,Swingtothenew,newflavours,newvibes,MonkeyBarInd
gobananas,swingtothenew,monkeybarind,monkeybardelhi,newvibes
gobananas,swingtothenew,monkeybarind,monkeybarmumbai,newvibes
Swingtothenew,monkeybarmumbai,NewFlavours,newvibes,relaunch
Swingtothenew,gobananas,newflavours,newvibes,monkeybarmumbai
Swingtothenew,gobananas,newflavours,newvibes,MonkeyBarInd
gobananas,Swingtothenew,newflavours,newvibes,monkeybardelhi
gobananas,womensday,mobar,,
gobananas,Swingtothenew,newflavours,newvibes,monkeybardelhi
gobananas,Swingtothenew,newflavours,NewVibes,coffee
Swingtothenew,monkeybarmumbai,NewFlavours,newvibes,relaunch
gobananas,Swingtothenew,monkeybarmumbai,MonkeyBarInd,
gobananas,Swingtothenew,newflavours,MonkeyBarInd,
swingtothenew,gobananas,mobar,newflavours,newvibes
gobananas,swingtothenew,newflavours,newvibes,MonkeyBarInd
Swingtothenew,monkeybarmumbai,NewFlavours,newvibes,relaunch
Swingtothenew,monkeybarmumbai,NewFlavours,newvibes,relaunch
LushLoft,KeepitLush,DistrictIndia,,
Swingtothenew,gobananas,newflavours,NewVibes,monkeybarmumbai
gobananas,Swingtothenew,chefsday,newflavours,newvibes
